Publish Date,Score
2010-01-04,5.79642857142857
2010-01-05,5.55714285714286
2010-01-06,6.22
2010-01-07,4.86
2010-01-08,7.675
2010-01-09,8.33333333333333
2010-01-12,5.91621621621622
2010-01-13,6.81851851851852
2010-01-14,5.81538461538462
2010-01-15,6.40540540540541
2010-01-18,7.25625
2010-01-19,7.4
2010-01-20,8.22727272727273
2010-01-21,7.18421052631579
2010-01-22,7.64166666666667
2010-01-25,7.28888888888889
2010-01-26,7.68333333333333
2010-01-27,4.85
2010-01-28,6.45
2010-01-29,5.7625
2010-02-02,6.05
2010-02-03,5.06666666666667
2010-02-04,5.88235294117647
2010-02-05,4.44117647058824
2010-02-08,5.49
2010-02-09,7.13571428571429
2010-02-10,8.65416666666667
2010-02-11,7.04285714285714
2010-02-12,6.64
2010-02-15,5.675
2010-02-16,9.3
2010-02-17,4.65
2010-02-18,6.228
2010-02-19,6.90588235294118
2010-02-22,6.6
2010-02-23,6.30454545454546
2010-02-24,4.99090909090909
2010-02-25,5.81538461538462
2010-02-26,6.55625
2010-03-02,5.97368421052632
2010-03-03,6.60454545454545
2010-03-05,6.93095238095238
2010-03-08,5.41428571428571
2010-03-10,6.72
2010-03-15,6.65952380952381
2010-03-16,6.07142857142857
2010-03-18,6.925
2010-03-19,6.28285714285715
2010-03-22,6.5875
2010-03-23,5.93548387096774
2010-03-24,6.11578947368421
2010-03-25,6.8975
2010-03-26,6.325
2010-03-27,7.26666666666667
2010-03-29,7.5625
2010-03-30,6.64489795918368
2010-03-31,6.875
2010-04-01,6.42083333333334
2010-04-05,6.38837209302326
2010-04-06,6.36666666666667
2010-04-07,6.09
2010-04-08,5.26
2010-04-09,6.36666666666667
2010-04-12,6.91428571428572
2010-04-13,5.31212121212121
2010-04-14,7.86
2010-04-15,7.05
2010-04-16,6.12857142857143
2010-04-19,7.17692307692308
2010-04-20,6.45555555555556
2010-04-21,6.53157894736842
2010-04-22,6.825
2010-04-23,6.63103448275862
2010-04-26,5.5
2010-04-27,5.39583333333333
2010-04-28,5.83333333333333
2010-04-29,6.24285714285714
2010-05-03,5.775
2010-05-04,6.5448275862069
2010-05-05,7.12
2010-05-06,6.41470588235294
2010-05-07,5.79069767441861
2010-05-11,5.78333333333333
2010-05-12,6.76428571428572
2010-05-13,8.59642857142858
2010-05-14,6.425
2010-05-17,5.61111111111111
2010-05-19,6.56585365853659
2010-05-20,5.1625
2010-05-21,5.26363636363636
2010-05-24,5.85
2010-05-25,6.01904761904762
2010-05-26,5.67142857142857
2010-05-27,6.42941176470588
2010-05-28,7.2875
2010-06-01,5.34444444444444
2010-06-02,6.94285714285714
2010-06-03,5.65882352941177
2010-06-07,4.98695652173913
2010-06-08,8.26944444444445
2010-06-09,7.73888888888889
2010-06-11,6.99107142857144
2010-06-15,7.34625
2010-06-16,6.37857142857143
2010-06-17,5.93928571428572
2010-06-18,6.49
2010-06-21,6.30952380952381
2010-06-22,5.56875
2010-06-24,6.22424242424243
2010-06-25,5.81923076923077
2010-06-28,5.54782608695652
2010-06-29,7.42222222222222
2010-06-30,8.3952380952381
2010-07-02,5.99032258064516
2010-07-06,6.43846153846154
2010-07-08,5.78666666666667
2010-07-12,6.69166666666667
2010-07-13,5.0661971830986
2010-07-15,6.86666666666667
2010-07-22,6.4764705882353
2010-07-24,5.44375
2010-07-28,7.18222222222222
2010-07-30,7.46666666666667
2010-08-02,6.33888888888889
2010-08-05,6.97857142857143
2010-08-09,7.16111111111111
2010-08-10,6.29
2010-08-11,8.00217391304348
2010-08-13,7.5
2010-08-16,5.99583333333333
2010-08-17,7.82272727272727
2010-08-19,6.275
2010-08-20,6.81333333333333
2010-08-23,7.02727272727273
2010-08-24,8.015
2010-08-25,6.5741935483871
2010-08-26,9.04736842105264
2010-08-27,9.3
2010-08-30,7.53529411764706
2010-08-31,7.025
2010-09-03,6.19375
2010-09-07,6.79615384615384
2010-09-08,5.33333333333333
2010-09-09,7.23333333333334
2010-09-10,6.8421052631579
2010-09-13,5.15
2010-09-14,5.41
2010-09-15,7.728
2010-09-16,7.09259259259259
2010-09-17,4.81578947368421
2010-09-20,4.28947368421053
2010-09-21,3.8
2010-09-22,6.30625
2010-09-23,7.45
2010-09-24,6.43913043478261
2010-09-28,5.26666666666667
2010-09-29,4.93571428571429
2010-09-30,5.73333333333333
2010-10-04,6.41666666666667
2010-10-05,6.37272727272727
2010-10-06,7.86071428571429
2010-10-07,4.37142857142857
2010-10-08,6.05833333333333
2010-10-12,6.1
2010-10-13,6.50581395348837
2010-10-14,5.51428571428572
2010-10-18,7.175
2010-10-19,7.33125
2010-10-20,6.7
2010-10-21,6.68064516129033
2010-10-23,5.7375
2010-10-25,6.58125
2010-10-26,6.84166666666667
2010-10-27,5.66363636363636
2010-10-28,6.2
2010-10-29,9.02307692307692
2010-11-01,6.46111111111111
2010-11-03,7.51111111111111
2010-11-04,5.825
2010-11-05,7.18947368421053
2010-11-07,8.3
2010-11-08,3.78333333333333
2010-11-09,6.50294117647059
2010-11-12,6.23333333333333
2010-11-15,6.38333333333333
2010-11-16,6.70270270270271
2010-11-17,6.01428571428571
2010-11-22,7.62941176470589
2010-11-26,5.85652173913043
2010-11-29,2.23333333333333
2010-11-30,3.17142857142857
2010-12-01,5.9875
2010-12-02,6.45
2010-12-06,5.86774193548387
2010-12-07,6.02307692307692
2010-12-08,5.8
2010-12-09,7.095
2010-12-10,7.25
2010-12-14,8.77241379310345
2010-12-16,6.88461538461539
2010-12-17,6.65
2010-12-21,6.55833333333333
2010-12-22,5.61428571428571
2010-12-23,6.78
2010-12-29,5.97083333333333
2010-12-30,5.46578947368421
2011-01-03,4.79375
2011-01-07,7.00357142857143
2011-01-10,5.76071428571429
2011-01-11,5.2
2011-01-12,7.56666666666667
2011-01-13,7.65909090909091
2011-01-14,7.13939393939394
2011-01-18,6.3
2011-01-19,5.44782608695652
2011-01-20,6.67297297297297
2011-01-22,5.5375
2011-01-24,5.67619047619048
2011-01-25,6.26666666666667
2011-01-28,7
2011-01-31,6.84545454545455
2011-02-01,6.324
2011-02-02,7.11666666666667
2011-02-03,7.37727272727273
2011-02-04,6.97
2011-02-07,7.32
2011-02-08,7.53888888888889
2011-02-10,8.33684210526315
2011-02-14,6.03333333333333
2011-02-15,6.58
2011-02-17,6.32692307692308
2011-02-18,6.57692307692308
2011-02-21,7.17894736842105
2011-02-22,5.40769230769231
2011-02-23,5.47
2011-02-24,6.55
2011-02-25,8.22972972972973
2011-02-28,5.07142857142857
2011-03-01,6.12352941176471
2011-03-02,6.32307692307692
2011-03-03,7.69807692307693
2011-03-04,1.9
2011-03-07,5.31428571428572
2011-03-08,5.11578947368421
2011-03-09,8.53333333333333
2011-03-10,6.95555555555556
2011-03-11,5.765
2011-03-14,4.98571428571429
2011-03-15,5.99090909090909
2011-03-16,6.54285714285714
2011-03-18,4.74
2011-03-19,4.94
2011-03-22,5.55833333333333
2011-03-23,7.1
2011-03-25,7.4
2011-03-28,6.75454545454545
2011-03-29,5.3125
2011-03-30,5.38888888888889
2011-03-31,5.1
2011-04-04,6.05263157894737
2011-04-05,8.575
2011-04-06,6.1
2011-04-07,5.61666666666667
2011-04-08,5.73
2011-04-09,4.90666666666667
2011-04-11,4.4
2011-04-13,7.52222222222223
2011-04-14,6.31111111111111
2011-04-15,7.15
2011-04-18,5.67777777777778
2011-04-19,4.75555555555555
2011-04-20,4.84324324324324
2011-04-21,4.48888888888889
2011-04-22,5.07777777777778
2011-04-26,5.97692307692308
2011-04-28,5
2011-04-29,5.94166666666667
2011-05-02,8.05
2011-05-03,6.39491525423729
2011-05-04,6.9625
2011-05-05,6.175
2011-05-07,8.66
2011-05-09,5.74444444444444
2011-05-10,5.84615384615385
2011-05-13,7.30487804878049
2011-05-16,5.88666666666667
2011-05-20,6.04
2011-05-23,5.15714285714286
2011-05-24,5.73846153846154
2011-05-26,5.69285714285714
2011-05-31,7.37142857142857
2011-06-02,7.09444444444444
2011-06-03,4.3
2011-06-06,4.94782608695652
2011-06-08,6.73333333333333
2011-06-09,7.234375
2011-06-14,6.784375
2011-06-16,8.55194805194805
2011-06-20,5.86428571428571
2011-06-22,4.35384615384615
2011-06-24,6.46538461538462
2011-06-29,5.68
2011-06-30,6.62121212121212
2011-07-01,5.45897435897436
2011-07-06,5
2011-07-07,6.3
2011-07-08,5.81666666666667
2011-07-11,6.85
2011-07-13,7.00952380952381
2011-07-14,5.85454545454545
2011-07-17,5.54117647058823
2011-07-18,5.875
2011-07-19,6.03333333333333
2011-07-20,5.28157894736842
2011-07-21,8.39714285714286
2011-07-26,6.51428571428571
2011-07-27,4.95384615384615
2011-07-28,6.43076923076923
2011-07-29,7.71818181818182
2011-08-01,5.72307692307692
2011-08-02,6.2
2011-08-03,8.88181818181818
2011-08-05,5.67777777777778
2011-08-09,5.39565217391304
2011-08-10,7.67446808510639
2011-08-11,7.41176470588235
2011-08-12,6.35454545454545
2011-08-15,6.66923076923077
2011-08-16,8.4
2011-08-18,8.65
2011-08-19,5.79166666666667
2011-08-23,6.16428571428571
2011-08-24,5.9
2011-08-25,5.95555555555556
2011-08-29,6.48918918918919
2011-08-31,5.87142857142857
2011-09-02,5.36315789473684
2011-09-06,5.65555555555556
2011-09-08,5.4125
2011-09-12,6.40769230769231
2011-09-13,5.06666666666667
2011-09-14,6.22
2011-09-15,8.08387096774194
2011-09-16,8.395
2011-09-19,6.45263157894737
2011-09-20,5.59090909090909
2011-09-21,6.77142857142857
2011-09-22,5.83333333333333
2011-09-23,5.03703703703704
2011-09-25,5.8
2011-09-27,5.848
2011-09-28,5.81612903225807
2011-09-30,6.14
2011-10-01,5.7
2011-10-02,6.02
2011-10-03,7.55263157894737
2011-10-04,6.375
2011-10-05,6.82777777777778
2011-10-06,7.50666666666667
2011-10-07,6.36470588235294
2011-10-08,6.66896551724138
2011-10-09,7.00952380952381
2011-10-10,6.4
2011-10-11,7.5625
2011-10-12,7.73076923076923
2011-10-14,4.97446808510638
2011-10-16,9
2011-10-17,5.8
2011-10-18,4.6
2011-10-19,7.42571428571429
2011-10-20,7.8
2011-10-21,6.21111111111111
2011-10-23,3.875
2011-10-24,5.76666666666667
2011-10-25,6.63888888888889
2011-10-27,7.165
2011-10-29,4.76666666666667
2011-10-30,6.16
2011-11-01,7.44651162790698
2011-11-02,6.97096774193548
2011-11-03,5.56470588235294
2011-11-04,6.86363636363636
2011-11-07,5
2011-11-08,8.13333333333333
2011-11-09,6.92941176470588
2011-11-11,7.52333333333333
2011-11-14,5.22
2011-11-15,7.6
2011-11-16,5.65
2011-11-17,4.89
2011-11-18,5.22
2011-11-21,7.35
2011-11-22,8.05555555555556
2011-11-23,5.36
2011-11-24,9.63157894736842
2011-11-25,6.8
2011-11-28,4.62142857142857
2011-11-29,5.93157894736842
2011-11-30,5.15
2011-12-01,5.5
2011-12-02,6.43333333333333
2011-12-05,8
2011-12-06,5.87142857142857
2011-12-07,5.72413793103449
2011-12-08,5.49545454545454
2011-12-09,10
2011-12-10,5.2
2011-12-13,6.9686274509804
2011-12-14,5.80384615384615
2011-12-16,6.7
2011-12-17,10
2011-12-20,6.86363636363636
2011-12-22,5.27857142857143
2011-12-23,8.475
2011-12-24,7.93333333333334
2011-12-26,7.4625
2011-12-27,6.06666666666667
2011-12-28,5.9
2011-12-29,6.15172413793104
2011-12-30,5.91666666666667
2012-01-02,6.175
2012-01-03,5.35
2012-01-04,5.47142857142857
2012-01-05,4.86666666666667
2012-01-06,6.35
2012-01-07,6.08
2012-01-08,6.3
2012-01-10,7.99285714285714
2012-01-12,7.57
2012-01-13,5.11111111111111
2012-01-14,5.75
2012-01-17,5.95
2012-01-18,4.29878048780488
2012-01-19,6.93333333333333
2012-01-20,5.26153846153846
2012-01-23,7.3
2012-01-24,5.93055555555556
2012-01-25,6.35
2012-01-26,5.43333333333333
2012-01-27,5.35
2012-01-28,5.54
2012-01-29,6.22
2012-01-30,5.36
2012-01-31,7.2
2012-02-01,7.1
2012-02-02,6.21333333333334
2012-02-03,7.90833333333333
2012-02-05,2.6
2012-02-06,6.525
2012-02-07,5.78
2012-02-08,6.759375
2012-02-10,6.27777777777778
2012-02-12,4.9
2012-02-13,5.46666666666667
2012-02-14,6.76610169491526
2012-02-15,8.03333333333333
2012-02-16,7.65238095238095
2012-02-17,6
2012-02-21,6.83777777777778
2012-02-22,7.15
2012-02-23,5.73
2012-02-24,6.26666666666667
2012-02-29,7.60714285714286
2012-03-01,6.25
2012-03-02,6.2
2012-03-05,7.2578947368421
2012-03-06,7.6
2012-03-07,9.57741935483871
2012-03-08,8.49722222222222
2012-03-09,6.33333333333333
2012-03-10,10
2012-03-12,5.25625
2012-03-13,7.73928571428572
2012-03-14,6.94736842105263
2012-03-15,8.56666666666667
2012-03-16,5.85714285714286
2012-03-17,7.775
2012-03-19,5.56060606060606
2012-03-20,6.625
2012-03-21,4.39387755102041
2012-03-22,6.83888888888889
2012-03-23,4.76666666666667
2012-03-26,5
2012-03-27,5.83846153846154
2012-03-28,6.34444444444444
2012-03-29,7.74615384615384
2012-03-30,6.4875
2012-03-31,7.5
2012-04-02,6.7375
2012-04-05,6.23333333333333
2012-04-06,7.56666666666667
2012-04-09,6.18
2012-04-10,8.76875
2012-04-11,5.25714285714286
2012-04-12,5.875
2012-04-13,6.72
2012-04-16,5.9
2012-04-17,5.62727272727273
2012-04-18,6.77857142857143
2012-04-19,5.56666666666667
2012-04-20,5.675
2012-04-21,6.05
2012-04-22,5.84444444444445
2012-04-24,7.5
2012-04-25,7.08461538461539
2012-04-27,6.66
2012-04-28,5
2012-04-30,5.62
2012-05-01,8.07777777777778
2012-05-02,5.85161290322581
2012-05-03,5.2027027027027
2012-05-04,8.75
2012-05-08,8.032
2012-05-09,9.22
2012-05-10,5.92857142857143
2012-05-11,6.5
2012-05-14,7.54
2012-05-15,6.99655172413793
2012-05-16,9.3
2012-05-17,5.82380952380953
2012-05-18,7.05833333333333
2012-05-21,5.53488372093023
2012-05-22,5.08571428571429
2012-05-23,6.61111111111111
2012-05-24,6.57931034482759
2012-05-25,8.1875
2012-05-27,4.70714285714286
2012-05-29,6.025
2012-05-30,6.8
2012-05-31,6.76666666666667
2012-06-01,7.4
2012-06-02,3.3
2012-06-04,5.70454545454545
2012-06-05,6.92307692307692
2012-06-07,6.61176470588235
2012-06-08,6.58333333333333
2012-06-11,4.7
2012-06-12,7.72083333333334
2012-06-13,4.571875
2012-06-14,6.21875
2012-06-15,6.85
2012-06-16,6.40344827586207
2012-06-18,7.5
2012-06-19,5.38571428571429
2012-06-20,5.515
2012-06-21,5.42972972972973
2012-06-22,6.03636363636364
2012-06-25,5.82857142857143
2012-06-26,4.33548387096774
2012-06-27,6.35135135135135
2012-06-29,5.85769230769231
2012-06-30,4.05
2012-07-03,4.76666666666667
2012-07-04,8.17777777777778
2012-07-05,5.34545454545455
2012-07-07,5.58
2012-07-09,5.98
2012-07-10,6.77857142857143
2012-07-11,5.7125
2012-07-12,6.70294117647059
2012-07-13,6.09166666666667
2012-07-16,5.33571428571429
2012-07-17,4.46565656565657
2012-07-18,7.02068965517242
2012-07-19,8.225
2012-07-20,4.91875
2012-07-22,5.18888888888889
2012-07-23,5.4421052631579
2012-07-24,5.4
2012-07-25,7.61327433628318
2012-07-26,5.725
2012-07-27,4.25
2012-07-30,5.8
2012-07-31,5.93333333333333
2012-08-06,5.5984126984127
2012-08-07,4.95
2012-08-08,5.1
2012-08-09,6.33333333333333
2012-08-10,5.17142857142857
2012-08-11,5.11428571428572
2012-08-12,6.12142857142857
2012-08-13,5.29107142857143
2012-08-14,6.40980392156863
2012-08-15,8.32051282051282
2012-08-16,4.68709677419355
2012-08-17,4.375
2012-08-19,8.58571428571429
2012-08-20,5.74324324324325
2012-08-21,6.45555555555555
2012-08-22,5.30571428571429
2012-08-23,5.41
2012-08-24,6
2012-08-25,5.91756756756756
2012-08-26,5.29130434782609
2012-08-27,5.115
2012-08-28,5.09090909090909
2012-08-29,7.63617021276596
2012-08-30,6.52352941176471
2012-08-31,5.55344827586207
2012-09-04,5.28421052631579
2012-09-05,5.50588235294118
2012-09-06,6.52926829268292
2012-09-07,6.89636363636363
2012-09-08,6.325
2012-09-09,5.24736842105263
2012-09-10,8.27727272727273
2012-09-11,5.4
2012-09-12,7.0875
2012-09-13,6.94827586206897
2012-09-14,5.29090909090909
2012-09-15,6.60344827586207
2012-09-16,5.83125
2012-09-17,5.52173913043478
2012-09-18,5.24090909090909
2012-09-19,5.47826086956522
2012-09-20,4.35918367346939
2012-09-21,8.72
2012-09-23,5.48421052631579
2012-09-24,7.63333333333333
2012-09-25,6.44594594594595
2012-09-26,6.87272727272727
2012-09-28,6.3
2012-09-30,5.22666666666667
2012-10-01,5.20294117647059
2012-10-02,6.3
2012-10-03,4.88333333333333
2012-10-04,5.804
2012-10-05,6.40833333333333
2012-10-06,5.88571428571429
2012-10-07,4.86
2012-10-08,5.98627450980392
2012-10-09,7.47301587301588
2012-10-10,7.115
2012-10-11,6.675
2012-10-12,8.58
2012-10-16,5.06846846846847
2012-10-17,4.07826086956522
2012-10-18,6.06666666666667
2012-10-20,7.23333333333333
2012-10-22,5.46666666666667
2012-10-23,10
2012-10-24,5.525
2012-10-25,6.79090909090909
2012-10-26,6.35
2012-10-28,6.8
2012-10-29,6.62222222222222
2012-10-30,9.3
2012-10-31,4.5
2012-11-01,7.62857142857143
2012-11-02,5.8875
2012-11-03,4.56666666666667
2012-11-04,5.82040816326531
2012-11-06,5.8
2012-11-07,8.09583333333333
2012-11-08,5.03333333333333
2012-11-09,9.01
2012-11-11,6.10526315789474
2012-11-13,8.13846153846154
2012-11-14,6.61538461538461
2012-11-15,5.4
2012-11-16,4.55
2012-11-17,5.64411764705883
2012-11-18,6.52272727272727
2012-11-19,5.285
2012-11-20,6.05
2012-11-21,7.28444444444445
2012-11-22,4.3
2012-11-23,6
2012-11-24,5.06153846153846
2012-11-26,6.02083333333333
2012-11-27,6.3
2012-11-28,5
2012-11-29,5.46666666666667
2012-11-30,5.59615384615385
2012-12-03,4.74736842105263
2012-12-04,9.35
2012-12-05,4.9375
2012-12-06,6.52857142857143
2012-12-08,5.98
2012-12-10,7.5
2012-12-11,7.51428571428571
2012-12-12,7.91875
2012-12-13,5.33333333333333
2012-12-17,5.97692307692308
2012-12-18,5.14
2012-12-19,5.36666666666666
2012-12-20,6.62
2012-12-21,5.565
2012-12-23,7.26666666666667
2012-12-24,7.04
2012-12-25,6.175
2012-12-26,4.904
2012-12-27,4.56
2012-12-28,4.98
2012-12-30,9.3
2012-12-31,4.55
2013-01-01,5.31666666666667
2013-01-02,5.63333333333333
2013-01-03,6.1
2013-01-04,5.00833333333333
2013-01-08,5.725
2013-01-09,7.51666666666667
2013-01-10,9.50588235294118
2013-01-11,5.9
2013-01-13,8.94827586206897
2013-01-14,10
2013-01-15,6.57916666666667
2013-01-16,5.04878048780488
2013-01-17,5.82727272727273
2013-01-18,5.08181818181818
2013-01-19,5.425
2013-01-21,7.82
2013-01-22,4.98181818181818
2013-01-23,5.83478260869565
2013-01-24,7.34285714285714
2013-01-25,7.13333333333333
2013-01-26,6.4
2013-01-27,5.635
2013-01-28,6.9
2013-01-29,5.72222222222222
2013-01-30,7.5
2013-01-31,6.78333333333333
2013-02-01,8.24897959183674
2013-02-02,3.19545454545454
2013-02-04,4.3
2013-02-05,4.83
2013-02-06,6.68
2013-02-07,4.3
2013-02-08,5.77272727272727
2013-02-11,7.2
2013-02-12,7.1
2013-02-13,6.67352941176471
2013-02-14,4.9
2013-02-15,6.96363636363636
2013-02-16,5.42857142857143
2013-02-17,4.65714285714286
2013-02-18,4.72
2013-02-19,7.96111111111111
2013-02-20,5.2962962962963
2013-02-21,6.21428571428572
2013-02-22,6.93333333333333
2013-02-23,7.06
2013-02-24,5.890625
2013-02-25,5
2013-02-26,6.86666666666667
2013-02-27,6.86
2013-02-28,4.92
2013-03-01,4.21052631578947
2013-03-04,4.3
2013-03-05,6.73571428571429
2013-03-06,4.61818181818182
2013-03-07,3.855
2013-03-08,6.30625
2013-03-09,7.68888888888889
2013-03-11,7.41904761904762
2013-03-12,6.61951219512195
2013-03-13,6.67894736842105
2013-03-15,3.78484848484849
2013-03-18,8.03333333333333
2013-03-19,5.35454545454545
2013-03-20,6.16551724137931
2013-03-21,4.97037037037037
2013-03-22,5.04
2013-03-25,4.68
2013-03-26,4.66
2013-03-27,3.95405405405405
2013-03-28,6.99032258064516
2013-03-29,6.32941176470588
2013-04-01,5.4
2013-04-02,5.56666666666667
2013-04-03,7.46923076923077
2013-04-04,6.7
2013-04-05,6.0375
2013-04-07,4.65
2013-04-08,6.04
2013-04-09,7.08378378378379
2013-04-10,4.73333333333333
2013-04-11,7.49375
2013-04-12,6.51818181818182
2013-04-13,6.2
2013-04-16,5.85
2013-04-17,5.23846153846154
2013-04-18,6.81
2013-04-19,6.22857142857143
2013-04-21,6.1125
2013-04-22,4.88823529411765
2013-04-23,4.94
2013-04-24,5.38888888888889
2013-04-25,7.27333333333334
2013-04-26,5.78
2013-04-27,3.76666666666667
2013-04-29,5.91111111111111
2013-05-01,5.87083333333333
2013-05-02,5.13888888888889
2013-05-03,5.2
2013-05-05,7.88
2013-05-07,4.1
2013-05-08,5.78888888888889
2013-05-09,7.22857142857143
2013-05-10,6.3
2013-05-13,4.2
2013-05-14,8.47096774193549
2013-05-15,5.91428571428572
2013-05-16,9.45283018867925
2013-05-20,7.80869565217392
2013-05-21,4.87142857142857
2013-05-22,6.33333333333333
2013-05-23,6.10588235294118
2013-05-24,7.03448275862069
2013-05-27,4.94285714285714
2013-05-28,5.43333333333333
2013-05-29,5.08461538461538
2013-05-31,5.41428571428571
2013-06-01,5.44
2013-06-03,5.03333333333333
2013-06-04,7.49333333333333
2013-06-05,5.08947368421053
2013-06-06,8.98
2013-06-07,4.87857142857143
2013-06-08,4.95833333333333
2013-06-09,4.7375
2013-06-10,5.25
2013-06-11,8.67307692307693
2013-06-13,4.3
2013-06-14,6.43571428571428
2013-06-15,6.8
2013-06-16,5.72857142857143
2013-06-17,5.61333333333333
2013-06-18,6.92391304347826
2013-06-19,5.63333333333333
2013-06-20,7.02142857142857
2013-06-21,5.15217391304348
2013-06-24,4.3
2013-06-25,6.88076923076923
2013-06-26,5.78
2013-06-27,6.81818181818182
2013-06-28,5.85
2013-06-30,7.15384615384615
2013-07-01,5.61111111111111
2013-07-02,6.28
2013-07-03,5.1
2013-07-04,4.61818181818182
2013-07-06,6.68
2013-07-08,5.52727272727273
2013-07-09,7.94883720930233
2013-07-10,6.82894736842106
2013-07-11,7.41
2013-07-12,5.5875
2013-07-13,6.83333333333333
2013-07-15,5.75
2013-07-16,5.53076923076923
2013-07-17,4.96133333333334
2013-07-18,6.55862068965517
2013-07-19,6.15
2013-07-22,4.61428571428571
2013-07-23,7.53125
2013-07-24,4.86
2013-07-25,6.11666666666667
2013-07-26,8.45
2013-07-29,5.48709677419355
2013-07-31,6.09756097560976
2013-08-01,6.68823529411765
2013-08-02,4.95
2013-08-05,6.1375
2013-08-06,6.67916666666667
2013-08-08,8.4
2013-08-09,5.89117647058824
2013-08-12,5.66666666666667
2013-08-13,6.4
2013-08-14,7.83076923076923
2013-08-15,4.56666666666667
2013-08-16,5.78823529411765
2013-08-17,6.1
2013-08-19,4.74166666666667
2013-08-20,5.38275862068966
2013-08-21,5.91428571428571
2013-08-22,5.51666666666667
2013-08-23,5.5
2013-08-24,6.3625
2013-08-26,4.71111111111111
2013-08-28,5.67647058823529
2013-08-29,5.725
2013-08-30,7.06
2013-08-31,7.94736842105263
2013-09-03,4.76666666666667
2013-09-04,6.8
2013-09-05,4.42
2013-09-06,6.89411764705882
2013-09-07,7.8
2013-09-08,4.16666666666667
2013-09-09,5.94166666666667
2013-09-10,6.91428571428571
2013-09-11,8.2
2013-09-12,7.83658536585366
2013-09-13,4.95
2013-09-16,5.36
2013-09-17,6.9
2013-09-18,7.435
2013-09-19,5.65116279069768
2013-09-20,5.765
2013-09-22,6.8
2013-09-23,5.53703703703704
2013-09-24,5.3
2013-09-25,5.2
2013-09-26,4.85
2013-09-27,6.86842105263158
2013-09-28,5.81666666666667
2013-09-30,5.27826086956522
2013-10-01,5.075
2013-10-02,6.29375
2013-10-03,6.46666666666667
2013-10-04,6.01666666666667
2013-10-05,6.08
2013-10-09,7.36346153846154
2013-10-10,5.31176470588235
2013-10-11,6.71904761904762
2013-10-13,7.02333333333334
2013-10-15,4.3
2013-10-16,5.55714285714285
2013-10-17,4.34
2013-10-19,6.14285714285714
2013-10-21,6.64
2013-10-22,5.9375
2013-10-23,4.73777777777778
2013-10-24,6.275
2013-10-25,5.33076923076923
2013-10-26,5.93636363636364
2013-10-27,5.48
2013-10-28,5.536
2013-10-29,3.75
2013-10-30,8.78571428571429
2013-10-31,5.90909090909091
2013-11-01,5.96666666666667
2013-11-02,5.3875
2013-11-04,6.17
2013-11-05,6.20434782608696
2013-11-06,5.84444444444444
2013-11-07,6.08333333333333
2013-11-08,3.95
2013-11-12,7.09428571428572
2013-11-13,5.60384615384615
2013-11-14,5.81428571428572
2013-11-17,5.4
2013-11-18,5.705
2013-11-20,5.808
2013-11-21,6.06
2013-11-22,5.28888888888889
2013-11-23,6.48833333333334
2013-11-24,8.3
2013-11-25,4.95
2013-11-26,5.52
2013-11-27,5.75
2013-11-28,5.65
2013-11-29,4.1
2013-11-30,4.76
2013-12-01,6.2375
2013-12-02,6.8
2013-12-03,5.64
2013-12-04,6.52222222222222
2013-12-05,4.53793103448276
2013-12-06,6.07058823529412
2013-12-07,7.08947368421053
2013-12-09,6.21956521739131
2013-12-10,6.62727272727273
2013-12-11,8.18823529411765
2013-12-12,5.87058823529412
2013-12-13,5.47037037037037
2013-12-14,5.31219512195122
2013-12-16,7.14285714285714
2013-12-17,5.01428571428571
2013-12-18,6.05
2013-12-19,5.43846153846154
2013-12-20,5.52631578947368
2013-12-21,4.43
2013-12-22,4.525
2013-12-23,5.48181818181818
2013-12-24,4.87333333333333
2013-12-26,6.38333333333333
2013-12-27,5.79090909090909
2013-12-28,6.23333333333333
2013-12-29,4.725
2013-12-30,6.8
2013-12-31,6.50833333333333
2014-01-01,5.8
2014-01-02,5.56
2014-01-03,7.27391304347826
2014-01-05,4.55
2014-01-06,4.9
2014-01-07,5.64166666666667
2014-01-08,5.03076923076923
2014-01-09,7.275
2014-01-10,5.65357142857143
2014-01-12,7.44166666666667
2014-01-13,3.675
2014-01-15,5.43223684210526
2014-01-16,5.66666666666667
2014-01-17,5.28571428571429
2014-01-18,3.6
2014-01-19,5.75384615384615
2014-01-20,4.99375
2014-01-21,6.284
2014-01-22,5.5
2014-01-23,6.16666666666667
2014-01-24,5.22222222222222
2014-01-25,5.41176470588235
2014-01-26,5.15625
2014-01-27,4.67
2014-01-28,7.325
2014-01-29,5.91304347826087
2014-01-30,5.50588235294118
2014-01-31,5.7125
2014-02-01,4.91428571428572
2014-02-02,4.37142857142857
2014-02-04,6.925
2014-02-05,5.40434782608696
2014-02-06,5.9188679245283
2014-02-07,4.99166666666667
2014-02-10,5.10952380952381
2014-02-11,8.0904761904762
2014-02-12,4.3
2014-02-13,6.0375
2014-02-14,5.46136363636364
2014-02-15,5.08
2014-02-17,5.17692307692308
2014-02-18,6.32222222222222
2014-02-20,5.4
2014-02-21,8.4
2014-02-22,6.39166666666667
2014-02-23,7.21428571428571
2014-02-25,3.96666666666667
2014-02-26,6.25409836065574
2014-02-27,5.89090909090909
2014-02-28,5.25
2014-03-01,5.93333333333333
2014-03-02,6.44210526315789
2014-03-03,5.87857142857143
2014-03-04,4.05
2014-03-05,5.67083333333333
2014-03-06,5.8551724137931
2014-03-09,5.30555555555555
2014-03-11,5.92549019607843
2014-03-12,7.88333333333334
2014-03-13,5.72
2014-03-14,5.43103448275862
2014-03-16,6.77272727272727
2014-03-18,5.92307692307692
2014-03-19,6.72222222222222
2014-03-20,5.69230769230769
2014-03-21,5.62
2014-03-24,5.44
2014-03-25,4.94761904761905
2014-03-26,5.3
2014-03-27,7.405
2014-03-28,5.91538461538462
2014-03-29,5
2014-03-31,6.49615384615385
2014-04-01,5.6375
2014-04-02,6.53846153846154
2014-04-03,6.46666666666667
2014-04-04,6.14666666666667
2014-04-05,4.27272727272727
2014-04-06,5.55
2014-04-07,5.125
2014-04-08,7
2014-04-09,6.89411764705882
2014-04-10,6.36888888888889
2014-04-11,6.41578947368421
2014-04-12,6.585
2014-04-14,5.42666666666667
2014-04-15,5.64610389610389
2014-04-16,5.42142857142857
2014-04-17,5.08
2014-04-18,5.36666666666667
2014-04-19,6.34705882352941
2014-04-21,5.18
2014-04-22,5.748
2014-04-23,5.64565217391304
2014-04-24,5.55833333333333
2014-04-25,6.18095238095238
2014-04-26,6.5
2014-04-27,6.84444444444445
2014-04-28,6.03571428571429
2014-04-29,5.6125
2014-04-30,6.43947368421053
2014-05-01,5.11764705882353
2014-05-02,6.59375
2014-05-05,5.85384615384615
2014-05-06,5.2
2014-05-07,5.2
2014-05-08,5.07962962962963
2014-05-09,4.26666666666667
2014-05-11,5.36
2014-05-12,5.88571428571428
2014-05-13,6.23225806451613
2014-05-14,6.92941176470588
2014-05-15,5.975
2014-05-16,6.27619047619048
2014-05-17,5.72
2014-05-18,4.4
2014-05-19,4.95555555555556
2014-05-20,6.00303030303031
2014-05-21,5.94285714285714
2014-05-22,6.04081632653062
2014-05-23,5.45333333333333
2014-05-25,6.6235294117647
2014-05-26,4.759375
2014-05-27,5.94
2014-05-28,4.25
2014-05-29,4.72222222222222
2014-05-30,4.96
2014-05-31,4.78333333333333
2014-06-01,6
2014-06-02,6.56774193548387
2014-06-03,4.84
2014-06-04,5.57666666666667
2014-06-05,5.58787878787879
2014-06-06,6.29090909090909
2014-06-07,7.2
2014-06-08,5.42352941176471
2014-06-09,4.87826086956522
2014-06-10,4.48461538461538
2014-06-11,8.12156862745097
2014-06-13,6.7
2014-06-14,5.43333333333333
2014-06-16,5.34545454545455
2014-06-17,5.03157894736842
2014-06-18,5.54117647058824
2014-06-19,6.53684210526316
2014-06-20,5.97272727272727
2014-06-21,5.625
2014-06-22,4.7
2014-06-23,3.9
2014-06-25,5.29090909090909
2014-06-27,5.18181818181818
2014-06-28,6.6
2014-06-30,4.45
2014-07-01,5.61969696969697
2014-07-02,4.56447368421053
2014-07-03,5.66538461538462
2014-07-06,3.8
2014-07-07,5.98536585365854
2014-07-08,8.68387096774194
2014-07-09,5.59545454545455
2014-07-10,4.9047619047619
2014-07-11,5.675
2014-07-14,6.16666666666667
2014-07-15,6.1
2014-07-16,6.7375
2014-07-17,5.13061224489796
2014-07-19,4.56
2014-07-20,4.97241379310345
2014-07-21,5.58
2014-07-22,6.11428571428571
2014-07-23,7.49090909090909
2014-07-24,5.96363636363636
2014-07-25,5.53333333333333
2014-07-26,6.21875
2014-07-27,7.5
2014-07-28,5.19444444444444
2014-07-29,4.81388888888889
2014-07-30,4.75714285714286
2014-07-31,5.11111111111111
2014-08-01,5.53076923076923
2014-08-03,4.02
2014-08-06,6.125
2014-08-07,6.068
2014-08-11,5.25714285714286
2014-08-12,7.48194444444445
2014-08-13,5.54166666666667
2014-08-14,6.42916666666667
2014-08-15,7.68571428571429
2014-08-16,4.96666666666667
2014-08-17,6.13529411764706
2014-08-18,5.74
2014-08-19,5.145
2014-08-20,5.6
2014-08-21,5.53636363636364
2014-08-22,6
2014-08-23,7.625
2014-08-24,5.43333333333333
2014-08-25,5.36923076923077
2014-08-26,6.11212121212121
2014-08-27,5.46666666666667
2014-08-28,5.35
2014-08-29,5.15416666666667
2014-08-30,5.05
2014-08-31,5.2
2014-09-02,5.375
2014-09-03,7.22
2014-09-04,5.36
2014-09-05,5
2014-09-08,5.40116279069766
2014-09-09,6.27441860465114
2014-09-10,5.48571428571429
2014-09-11,5.45384615384616
2014-09-12,5.45714285714286
2014-09-15,5.31111111111111
2014-09-17,6.25625
2014-09-18,5.39677419354839
2014-09-19,6.32285714285715
2014-09-20,5.49268292682927
2014-09-21,5.2
2014-09-22,5.25263157894737
2014-09-23,5.40714285714286
2014-09-24,5.88421052631579
2014-09-25,7.68888888888889
2014-09-26,5.40540540540541
2014-09-27,5.64814814814815
2014-09-28,5.96078431372549
2014-09-29,5.675
2014-09-30,5.36931818181819
2014-10-01,6.24545454545454
2014-10-02,5.44426229508197
2014-10-03,6.66666666666667
2014-10-04,5.33428571428572
2014-10-05,7.63333333333333
2014-10-06,5.80384615384615
2014-10-07,6.725
2014-10-08,5.91315789473684
2014-10-09,5.29285714285714
2014-10-10,5.9525
2014-10-11,6.8
2014-10-12,4.575
2014-10-13,4.81666666666667
2014-10-14,6.41666666666667
2014-10-15,5.7520202020202
2014-10-16,5.31382113821137
2014-10-17,5.17291666666667
2014-10-18,5.37837837837838
2014-10-19,5.39999999999998
2014-10-20,5.35273972602739
2014-10-21,5.38342541436463
2014-10-22,5.79090909090909
2014-10-23,5.77142857142857
2014-10-24,5.3625
2014-10-25,4.58666666666667
2014-10-26,5.86666666666667
2014-10-27,6.25
2014-10-28,5.24444444444444
2014-10-29,4.84848484848485
2014-10-30,5.95714285714286
2014-10-31,4.77586206896552
2014-11-01,5.6
2014-11-03,6.07894736842105
2014-11-04,6.61555555555556
2014-11-05,6.08947368421053
2014-11-06,5.93333333333334
2014-11-07,5.33809523809524
2014-11-08,3.78571428571429
2014-11-10,4.72352941176471
2014-11-11,8.124
2014-11-12,5.5
2014-11-13,5.76923076923077
2014-11-14,6.51666666666667
2014-11-15,5.22352941176471
2014-11-16,6.15384615384615
2014-11-17,4.94761904761905
2014-11-18,5.47727272727273
2014-11-19,6.52916666666667
2014-11-20,6.00625
2014-11-21,5.85555555555556
2014-11-22,5.0625
2014-11-23,6.275
2014-11-24,5.00285714285714
2014-11-25,6.3625
2014-11-26,6.19545454545455
2014-11-27,5.17142857142857
2014-11-28,6.71
2014-11-29,5.18888888888889
2014-11-30,4.575
2014-12-01,5.04166666666667
2014-12-02,5.84347826086957
2014-12-03,6.13
2014-12-04,6.27142857142857
2014-12-05,5.38
2014-12-06,5.6
2014-12-07,6.88333333333333
2014-12-08,5.85882352941177
2014-12-09,6.25238095238095
2014-12-10,7.31397849462365
2014-12-11,5.28275862068966
2014-12-12,5.22962962962963
2014-12-15,5.93703703703704
2014-12-16,6.56538461538462
2014-12-17,5.16428571428571
2014-12-18,4.88965517241379
2014-12-19,5.776
2014-12-20,7.5
2014-12-22,4.84117647058824
2014-12-23,5.45
2014-12-24,5.1962962962963
2014-12-25,5.85714285714286
2014-12-26,6.22727272727273
2014-12-27,6.24761904761905
2014-12-28,5.27
2014-12-29,5.77142857142857
2014-12-30,5.975
2014-12-31,6.15588235294118
2015-01-01,5.696
2015-01-02,6.21764705882353
2015-01-03,6.0375
2015-01-04,5.07142857142857
2015-01-05,6.16470588235294
2015-01-06,5.46363636363636
2015-01-07,5.46363636363636
2015-01-08,5.29259259259259
2015-01-09,4.66451612903226
2015-01-10,10
2015-01-12,7.31666666666667
2015-01-13,6.26823529411765
2015-01-14,5.32777777777778
2015-01-15,5.06578947368421
2015-01-16,5.99761904761905
2015-01-17,5.07142857142857
2015-01-18,5.33333333333333
2015-01-20,5.47777777777778
2015-01-21,4.99451219512195
2015-01-22,6.68055555555556
2015-01-23,5.36363636363636
2015-01-26,5.65
2015-01-27,6.36785714285714
2015-01-28,6.33333333333333
2015-01-29,4.87142857142857
2015-01-30,7.00425531914894
2015-01-31,5.55
2015-02-01,6.425
2015-02-02,6.48333333333333
2015-02-03,6.17222222222222
2015-02-04,5.29090909090909
2015-02-05,10
2015-02-06,6.75925925925926
2015-02-07,5.43333333333333
2015-02-08,6.795
2015-02-09,4.2375
2015-02-10,7.50149253731344
2015-02-11,5.89047619047619
2015-02-12,5.45
2015-02-13,4.48571428571429
2015-02-14,4.225
2015-02-15,5.7625
2015-02-16,6.07058823529412
2015-02-17,4.76666666666667
2015-02-18,4.93333333333333
2015-02-19,5.64285714285714
2015-02-20,5.8
2015-02-21,7.14
2015-02-22,4.3
2015-02-23,6.87692307692308
2015-02-24,5.24761904761905
2015-02-25,5.65833333333333
2015-02-26,6.025
2015-02-27,6.075
2015-03-01,4.3
2015-03-02,3.475
2015-03-03,4.98461538461538
2015-03-04,4.44
2015-03-05,5.65384615384615
2015-03-06,6.04666666666667
2015-03-07,5
2015-03-08,6.7125
2015-03-09,7.83214285714286
2015-03-10,5.17777777777778
2015-03-11,6.63617021276596
2015-03-12,5.678125
2015-03-13,8.084
2015-03-15,6.4
2015-03-16,6.4
2015-03-17,6.275
2015-03-18,5.51621621621622
2015-03-19,5.26
2015-03-20,7.47777777777778
2015-03-21,4.3
2015-03-23,5.15
2015-03-24,5.73571428571429
2015-03-25,4.6875
2015-03-26,7.05833333333333
2015-03-27,5.628
2015-03-29,6.01666666666667
2015-03-30,6.64814814814815
2015-03-31,6.235
2015-04-01,5.88378378378378
2015-04-02,6.8
2015-04-03,5.57241379310345
2015-04-04,6.45
2015-04-05,6.725
2015-04-06,5.07142857142857
2015-04-07,5.9
2015-04-08,5.40555555555556
2015-04-10,5.31341463414634
2015-04-12,7.73333333333333
2015-04-13,5.54375
2015-04-14,7.8359375
2015-04-15,5.79
2015-04-16,4.8265306122449
2015-04-17,6.0125
2015-04-19,5.78235294117647
2015-04-20,6.65
2015-04-21,5.27384615384616
2015-04-22,5.34
2015-04-23,4.65
2015-04-24,6.4
2015-04-27,6.17857142857143
2015-04-28,5.5
2015-04-29,5.8
2015-05-01,6.17222222222222
2015-05-02,4.3
2015-05-06,7.52
2015-05-07,5.3
2015-05-08,4.8
2015-05-12,6.04642857142858
2015-05-13,7.97227722772276
2015-05-14,5.67857142857143
2015-05-15,6.08333333333333
2015-05-16,5.8875
2015-05-18,6.8
2015-05-19,6.39090909090909
2015-05-20,6.49705882352941
2015-05-21,5.92
2015-05-22,6.5
2015-05-24,6.51666666666667
2015-05-25,6.10606060606061
2015-05-26,6.41428571428571
2015-05-27,5.49375
2015-05-28,5.56666666666667
2015-05-29,7.21666666666667
2015-05-30,5.06
2015-05-31,6.06
2015-06-01,4.496
2015-06-02,5.67894736842105
2015-06-03,5.7
2015-06-04,4.97142857142857
2015-06-05,6.48571428571429
2015-06-07,6.8
2015-06-08,6.21578947368421
2015-06-09,7.51012658227849
2015-06-10,4.63333333333333
2015-06-11,4.65714285714286
2015-06-12,5.6375
2015-06-13,6.00454545454545
2015-06-15,4.78805970149254
2015-06-16,5.85333333333333
2015-06-17,5.64210526315789
2015-06-18,5.2
2015-06-19,6.4875
2015-06-20,5.1
2015-06-22,5.14
2015-06-23,6.43125
2015-06-24,5.88888888888889
2015-06-25,5.36666666666667
2015-06-26,5.50909090909091
2015-06-27,5.55
2015-06-28,4.5
2015-06-29,7.4
2015-06-30,7.22758620689655
2015-07-01,5.2
2015-07-02,6.53037974683545
2015-07-03,5.22
2015-07-04,5.14444444444444
2015-07-05,8.09166666666667
2015-07-06,6.23333333333333
2015-07-07,5.36666666666667
2015-07-08,6.12727272727273
2015-07-09,8.62380952380952
2015-07-10,5.38333333333333
2015-07-13,6.65
2015-07-14,7.05
2015-07-15,8.61458333333333
2015-07-16,5.47093023255814
2015-07-17,7.2
2015-07-18,5.975
2015-07-19,5.16
2015-07-20,6.22222222222222
2015-07-21,5.25384615384615
2015-07-22,5.96
2015-07-23,6.4
2015-07-24,7.6
2015-07-25,4.3
2015-07-26,5.22
2015-07-27,4.9
2015-07-28,4.65
2015-07-29,6.4125
2015-07-30,5
2015-07-31,5.77777777777778
2015-08-02,4.8
2015-08-03,6.605
2015-08-04,9.78888888888889
2015-08-05,4.63333333333333
2015-08-06,9.3
2015-08-07,4.91111111111111
2015-08-08,7.2
2015-08-11,5.56153846153846
2015-08-12,5.18095238095238
2015-08-13,9.29756097560976
2015-08-14,7.15645161290323
2015-08-15,7.55714285714286
2015-08-16,6.34234234234234
2015-08-17,5.325
2015-08-18,4.986
2015-08-19,5.732
2015-08-20,5.89130434782609
2015-08-22,5.29473684210526
2015-08-23,6.35384615384615
2015-08-24,6.09565217391304
2015-08-25,5.725
2015-08-26,5.5
2015-08-27,7.35
2015-08-28,6.92857142857143
2015-08-29,8.75
2015-08-30,6.33333333333333
2015-08-31,5.32954545454546
2015-09-01,5.00714285714286
2015-09-02,5.5
2015-09-03,6.23448275862069
2015-09-04,5.57857142857143
2015-09-05,6.91818181818182
2015-09-07,5.13333333333333
2015-09-08,7.29344262295082
2015-09-11,6.40434782608696
2015-09-13,5.4875
2015-09-14,6.92
2015-09-15,7.32
2015-09-16,6.06470588235294
2015-09-17,4.84
2015-09-18,5.83893805309734
2015-09-19,7.625
2015-09-20,6.29545454545454
2015-09-21,5.52631578947368
2015-09-22,8.74230769230769
2015-09-24,6.46666666666667
2015-09-25,5.62352941176471
2015-09-27,6.80625
2015-09-28,6.36666666666667
2015-09-29,5.8375
2015-09-30,8.73870967741936
2015-10-01,7.07777777777778
2015-10-02,6.1
2015-10-03,4.62
2015-10-05,5.50555555555556
2015-10-06,8.87333333333333
2015-10-08,6.03333333333333
2015-10-09,5.69387755102041
2015-10-10,5.325
2015-10-11,6.5
2015-10-12,6.66428571428572
2015-10-13,7.03448275862069
2015-10-14,8.135
2015-10-15,4.36785714285714
2015-10-16,5.12142857142857
2015-10-18,7.95
2015-10-19,5.91666666666667
2015-10-21,5.19117647058824
2015-10-23,6.7661971830986
2015-10-24,6.57272727272727
2015-10-25,4.78
2015-10-26,5.42857142857143
2015-10-27,5.1
2015-10-28,6.03846153846154
2015-10-29,6.43636363636364
2015-10-30,4.80526315789474
2015-10-31,5.53333333333333
2015-11-02,6.14285714285714
2015-11-03,7.31304347826087
2015-11-05,6.45384615384616
2015-11-06,6.82380952380952
2015-11-07,4
2015-11-08,5.35714285714286
2015-11-09,5.20416666666667
2015-11-10,5.84545454545455
2015-11-11,7.94736842105263
2015-11-12,7.43333333333333
2015-11-13,5.2125
2015-11-14,6
2015-11-16,5.94117647058824
2015-11-17,5.54117647058824
2015-11-18,5.27727272727273
2015-11-19,6.02307692307692
2015-11-21,5.93333333333333
2015-11-22,6.8
2015-11-23,5.9
2015-11-24,6.3
2015-11-25,5.9
2015-11-26,7.225
2015-11-27,9.7
2015-12-01,7.255
2015-12-02,6.93333333333333
2015-12-03,6.96666666666667
2015-12-04,5.68333333333333
2015-12-05,7.01481481481481
2015-12-06,4.86
2015-12-07,5.42941176470588
2015-12-08,6.91363636363637
2015-12-09,8.07413793103449
2015-12-10,9.79493670886076
2015-12-11,6.66666666666667
2015-12-12,5.62142857142857
2015-12-13,5.15
2015-12-14,8.72
2015-12-15,5.85217391304348
2015-12-16,6.66666666666667
2015-12-17,6.12666666666667
2015-12-18,5.34
2015-12-19,6.66666666666667
2015-12-20,7.5
2015-12-21,6.96
2015-12-22,6.675
2015-12-23,6.68125
2015-12-26,4.68888888888889
2015-12-27,6.075
2015-12-28,7.56333333333334
2015-12-29,5.12222222222222
2015-12-30,5.4125
2015-12-31,7.02285714285715
2016-01-01,4.68
2016-01-02,4.4741935483871
2016-01-03,4.81666666666667
2016-01-04,4.32857142857143
2016-01-05,5.4
2016-01-06,7.45384615384615
2016-01-07,5.96
2016-01-08,5.84310344827587
2016-01-09,5.04
2016-01-11,6.15
2016-01-12,6.3125
2016-01-13,6.58928571428572
2016-01-14,7.43913043478261
2016-01-15,4.74285714285714
2016-01-16,5.84285714285714
2016-01-17,3.65714285714286
2016-01-18,4.725
2016-01-19,7.17272727272727
2016-01-20,5.04298245614034
2016-01-21,7.5
2016-01-22,7.49333333333333
2016-01-23,5.15
2016-01-25,5.89090909090909
2016-01-26,4.85
2016-01-27,5.37333333333333
2016-01-28,10
2016-01-29,6.01052631578947
2016-01-30,6.02
2016-01-31,6.56875
2016-02-01,6.93809523809524
2016-02-03,6.375
2016-02-04,4.55
2016-02-05,6.5
2016-02-06,7.10526315789474
2016-02-07,6.01578947368421
2016-02-08,5.62631578947368
2016-02-10,8.14788732394366
2016-02-11,5.86666666666667
2016-02-12,6.32
2016-02-13,5.96666666666667
2016-02-14,4.67272727272727
2016-02-15,4.88823529411765
2016-02-16,5.275
2016-02-17,6.45454545454545
2016-02-18,6.54285714285714
2016-02-19,4.78666666666667
2016-02-21,9.2
2016-02-22,4.65925925925926
2016-02-23,6.76666666666667
2016-02-24,5.65714285714286
2016-02-26,7
2016-02-27,5.365
2016-02-29,5.76923076923077
2016-03-01,4.28
2016-03-02,5.475
2016-03-03,6.17368421052632
2016-03-04,8.1
2016-03-05,7.8875
2016-03-09,7.6811320754717
2016-03-11,5.6
2016-03-12,8.4093023255814
2016-03-13,6.55192307692308
2016-03-14,10
2016-03-16,4.74
2016-03-17,7.275
2016-03-18,6.55454545454545
2016-03-19,5.725
2016-03-21,4
2016-03-22,7.75
2016-03-23,6.69661016949153
2016-03-24,7.96666666666667
2016-03-25,6.45
2016-03-28,6.425
2016-03-29,8.1375
2016-03-30,6.8
2016-03-31,6.3
2016-04-01,6.72
2016-04-05,5.5125
2016-04-06,6.1
2016-04-07,6.18
2016-04-08,7.83023255813954
2016-04-11,6.18333333333333
2016-04-12,6.53571428571429
2016-04-13,5.59302325581396
2016-04-14,5.475
2016-04-15,5.97142857142857
2016-04-17,8.24722222222222
2016-04-18,5.75
2016-04-19,5.21818181818182
2016-04-20,5.57
2016-04-21,5.3265625
2016-04-22,5.16315789473684
2016-04-24,4.51428571428571
2016-04-25,5.34545454545455
2016-04-26,8.72
2016-04-27,4.90666666666667
2016-04-28,5.5
2016-04-30,5.87307692307692
2016-05-02,5.12777777777778
2016-05-03,4.775
2016-05-04,5.97142857142857
2016-05-05,6.38333333333333
2016-05-06,7.74285714285714
2016-05-07,6.31666666666667
2016-05-09,7.73414634146342
2016-05-10,6.86190476190476
2016-05-11,9.08467741935484
2016-05-13,6.36666666666667
2016-05-14,6.30769230769231
2016-05-16,7.08888888888889
2016-05-17,4.54615384615385
2016-05-18,5.825
2016-05-19,9.4
2016-05-20,6.96511627906977
2016-05-21,6.27
2016-05-22,4.44
2016-05-23,5.63928571428571
2016-05-24,6.8125
2016-05-25,4.65
2016-05-26,6.14285714285714
2016-05-27,5.26666666666667
2016-05-29,5.62222222222222
2016-05-30,6.44
2016-06-01,4.92941176470588
2016-06-02,6.25
2016-06-03,5.9
2016-06-04,5.3
2016-06-05,5.465625
2016-06-06,6.4
2016-06-07,5.75714285714286
2016-06-08,5.95
2016-06-09,5.71153846153846
2016-06-10,6.8875
2016-06-12,8.76666666666667
2016-06-13,5.82
2016-06-14,4.8
2016-06-15,7.225
2016-06-16,8.09655172413794
2016-06-17,6.47777777777778
2016-06-18,5.9
2016-06-19,5.14642857142857
2016-06-22,5.2
2016-06-24,5.52222222222222
2016-06-25,5.45625
2016-06-26,5.23333333333333
2016-06-27,5.95294117647059
2016-06-28,4.27142857142857
2016-06-29,5.33333333333333
2016-06-30,6.07073170731707
2016-07-02,5.6452380952381
2016-07-03,6.004
2016-07-04,4.895
2016-07-06,4.93333333333333
2016-07-07,5.3764705882353
2016-07-08,5.9
2016-07-10,8.21899999999999
2016-07-11,5.825
2016-07-12,8.08409090909091
2016-07-13,4.6
2016-07-15,5.44814814814815
2016-07-17,5.46
2016-07-18,5.525
2016-07-19,6.43333333333333
2016-07-21,6.185546875
2016-07-22,4.75
2016-07-23,6.10555555555555
2016-07-25,7.36666666666667
2016-07-26,6.35
2016-07-27,6.45
2016-07-28,5.15
2016-07-31,6.07857142857143
2016-08-02,6.74782608695652
2016-08-04,5.76521739130435
2016-08-05,6.39344262295082
2016-08-06,6.26849315068494
2016-08-07,6.15454545454546
2016-08-09,6.521875
2016-08-10,5.35
2016-08-12,4.04285714285714
2016-08-18,8.51666666666667
2016-08-19,5.65882352941176
2016-08-22,5.8625
2016-08-23,6.92
2016-08-24,8.6
2016-08-25,6.975
2016-08-26,7.11052631578947
2016-08-29,4.3
2016-08-30,6.76
2016-08-31,6.4
2016-09-01,4.7047619047619
2016-09-02,4.47
2016-09-03,6.4375
2016-09-05,8.93333333333333
2016-09-06,5
2016-09-07,5.5945945945946
2016-09-08,4.925
2016-09-09,6.05
2016-09-11,6.67567567567568
2016-09-12,4.54545454545455
2016-09-14,7.46052631578948
2016-09-16,7.95
2016-09-17,5.58846153846154
2016-09-18,5.85652173913043
2016-09-20,5.53030303030303
2016-09-21,6.103125
2016-09-22,6.52333333333333
2016-09-23,5.25
2016-09-24,7.1
2016-09-25,6.7922077922078
2016-09-26,5.03859649122807
2016-09-27,6.14444444444444
2016-09-28,6.53333333333333
2016-09-29,5.84
2016-09-30,5
2016-10-03,5.30666666666667
2016-10-04,7.7
2016-10-05,6.71020408163265
2016-10-06,6.02439024390244
2016-10-07,5.76153846153846
2016-10-10,6.375
2016-10-13,8.53749999999999
2016-10-14,4.3
2016-10-16,5.65
2016-10-21,6.41578947368421
2016-10-25,5.09512195121951
2016-10-26,4.65
2016-10-27,5.73888888888889
2016-10-28,5.795
2016-10-29,5
2016-10-30,4.65
2016-10-31,6.41538461538462
2016-11-01,9.3
2016-11-02,5
2016-11-03,6.41739130434783
2016-11-04,4.095
2016-11-07,5.55
2016-11-08,7.39142857142857
2016-11-10,6.94266666666667
2016-11-11,5.55454545454545
2016-11-14,6.64285714285714
2016-11-15,7
2016-11-16,7.575
2016-11-17,4.3
2016-11-18,5.225
2016-11-19,6.2
2016-11-22,6.75
2016-11-23,5.725
2016-11-24,4.684
2016-11-25,6.53593750000001
2016-11-27,6.16666666666667
2016-11-29,6.61111111111111
2016-11-30,4.6725
2016-12-01,4.8
2016-12-02,6.1
2016-12-03,5.55555555555556
2016-12-05,6.58571428571428
2016-12-06,6.45
2016-12-08,6.32307692307692
2016-12-09,3.81111111111111
2016-12-10,5.2625
2016-12-11,4.946875
2016-12-12,5
2016-12-13,5.88472222222222
2016-12-14,5.99166666666667
2016-12-15,6.39827586206897
2016-12-16,6.74411764705882
2016-12-17,5.45384615384615
2016-12-19,6.25
2016-12-20,6.1
2016-12-21,5.6
2016-12-22,6.06666666666667
2016-12-23,4.57241379310345
2016-12-24,6.7
2016-12-25,4.05
2016-12-26,7.63333333333333
2016-12-27,6.9
2016-12-28,5.77692307692308
2016-12-29,4.83720930232558
2016-12-30,6.85555555555556
2016-12-31,5.05
2017-01-01,7.5
2017-01-02,5.625
2017-01-03,6.68571428571429
2017-01-04,6.65652173913044
2017-01-05,6.125
2017-01-06,5.66909090909091
2017-01-09,5.5
2017-01-10,8.71454545454546
2017-01-11,5.76
2017-01-12,6.81582278481012
2017-01-13,5.37804878048781
2017-01-14,6.07777777777778
2017-01-15,4.5
2017-01-16,4.05
2017-01-17,5.41428571428571
2017-01-18,5.23278688524591
2017-01-19,5.72051282051282
2017-01-20,4.96153846153846
2017-01-23,6.02783505154639
2017-01-24,6.75
2017-01-25,6
2017-01-26,5.46551724137931
2017-01-27,5.52880794701986
2017-01-28,7.2
2017-01-29,6.37894736842105
2017-01-30,5.48421052631579
2017-01-31,5.45416666666667
2017-02-01,4.78881118881119
2017-02-02,5.44
2017-02-03,5.59772727272728
2017-02-04,4.2
2017-02-05,6.76666666666667
2017-02-06,5.534375
2017-02-07,5.88529411764706
2017-02-08,6.1093023255814
2017-02-09,5.48461538461539
2017-02-10,5.84444444444444
2017-02-11,4.41666666666667
2017-02-13,5.87338709677419
2017-02-14,4.6
2017-02-15,6.28478260869566
2017-02-16,5.15
2017-02-17,5.02372881355932
2017-02-18,7.3
2017-02-20,5.62337662337662
2017-02-21,5.38
2017-02-22,5.86363636363636
2017-02-23,5.78846153846154
2017-02-24,5.28421052631579
2017-02-26,7.6
2017-02-27,5.55
2017-02-28,6.69166666666667
2017-03-01,4.73898305084746
2017-03-02,5.32272727272728
2017-03-03,5.40689655172414
2017-03-05,5.07142857142857
2017-03-06,6.28
2017-03-07,6.4258064516129
2017-03-08,4.40588235294118
2017-03-09,5.70526315789474
2017-03-10,7.1
2017-03-11,5.25
2017-03-12,6.78333333333333
2017-03-13,6.13333333333333
2017-03-14,5.72835820895523
2017-03-15,4.89879518072289
2017-03-16,5.95827814569536
2017-03-17,5.28541666666667
2017-03-18,6.43333333333333
2017-03-19,6.1
2017-03-20,5.19836065573771
2017-03-21,5.55
2017-03-22,6.37241379310345
2017-03-23,5.60095238095238
2017-03-24,6.00833333333334
2017-03-26,6.15
2017-03-27,5.06024096385542
2017-03-28,6.18571428571429
2017-03-29,5.132
2017-03-30,6.05434782608696
2017-03-31,5.32727272727273
2017-04-01,6.38869565217391
2017-04-02,6.0920634920635
2017-04-03,5.09583333333333
2017-04-04,5.51363636363636
2017-04-05,5.48108108108108
2017-04-06,6.50689655172414
2017-04-07,6.59310344827587
2017-04-08,4.2
2017-04-09,5.93953488372093
2017-04-10,5.43783783783784
2017-04-11,5.55833333333333
2017-04-12,6.94777070063693
2017-04-13,5.85540540540541
2017-04-14,5.93
2017-04-15,4.76666666666667
2017-04-16,6.5
2017-04-17,5.2448275862069
2017-04-18,5.18571428571429
2017-04-19,5.35384615384615
2017-04-20,5.30873786407767
2017-04-21,5.79772727272728
2017-04-22,4.65
2017-04-23,6.23157894736842
2017-04-24,5.46818181818181
2017-04-25,5.778125
2017-04-26,6.33529411764706
2017-04-27,5.32857142857143
2017-04-28,5.71025641025641
2017-04-29,7.31428571428572
2017-04-30,4.92368421052632
2017-05-01,5.45454545454545
2017-05-02,6.19523809523809
2017-05-03,5.16428571428571
2017-05-04,5.64
2017-05-05,5.2433962264151
2017-05-07,7.8
2017-05-08,5.06923076923077
2017-05-09,7.0325
2017-05-10,5.40882352941177
2017-05-11,5.44761904761905
2017-05-12,6.07428571428571
2017-05-14,6.45
2017-05-15,4.97931034482759
2017-05-16,7.66052631578948
2017-05-17,5.475
2017-05-18,5.96956521739131
2017-05-19,5.84736842105263
2017-05-21,5.75714285714286
2017-05-22,6.39724770642201
2017-05-23,6.1059829059829
2017-05-24,6.6235294117647
2017-05-25,6.06538461538462
2017-05-26,5.77857142857143
2017-05-27,7.12
2017-05-28,4.28
2017-05-29,5.53846153846154
2017-05-30,5.89375
2017-05-31,5.3375
2017-06-01,5.51538461538461
2017-06-02,5.53030303030303
2017-06-04,5.85
2017-06-05,5.72307692307692
2017-06-06,6.83137254901961
2017-06-07,5.06206896551724
2017-06-08,5.77101449275363
2017-06-09,6.3044776119403
2017-06-10,4.3
2017-06-11,8.4
2017-06-12,4.87037037037037
2017-06-13,6.29338842975206
2017-06-14,5.08345864661654
2017-06-15,5.71176470588235
2017-06-16,4.46164383561644
2017-06-17,4.8
2017-06-18,5.9
2017-06-19,6.44791666666667
2017-06-20,9.76190476190476
2017-06-21,6.13939393939394
2017-06-22,6.11111111111111
2017-06-23,4.85
2017-06-24,5.86
2017-06-25,4.8
2017-06-26,5.51724137931035
2017-06-27,5.26363636363637
2017-06-28,5.58
2017-06-29,6.23103448275862
2017-06-30,5.22307692307692
2017-07-01,5.08
2017-07-02,4.68181818181818
2017-07-03,5.39444444444445
2017-07-04,7.23684210526316
2017-07-05,5.68171428571427
2017-07-06,6.44545454545455
2017-07-07,6.32608695652174
2017-07-08,5.5
2017-07-09,6.86666666666667
2017-07-10,5.5448275862069
2017-07-11,6.29850746268657
2017-07-12,5.63333333333333
2017-07-13,5.22307692307692
2017-07-17,5.85669642857143
2017-07-18,6.73076923076923
2017-07-19,5.85151515151515
2017-07-20,6.73975903614458
2017-07-21,5.92619047619048
2017-07-22,5.47575757575758
2017-07-23,6.108
2017-07-24,5.20434782608696
2017-07-25,5.37454545454546
2017-07-26,6.01388888888889
2017-07-27,5.38064516129032
2017-07-28,5.96
2017-07-29,4.66666666666667
2017-07-30,5.255
2017-07-31,5.01219512195122
2017-08-01,5.2448275862069
2017-08-02,5.83484848484849
2017-08-03,6.48666666666667
2017-08-04,6.23
2017-08-05,5.80344827586207
2017-08-06,6.56666666666667
2017-08-07,5.70260869565217
2017-08-08,5.27467105263156
2017-08-09,6.27093023255814
2017-08-10,5.01111111111111
2017-08-11,6.859375
2017-08-14,5.72
2017-08-15,5.78333333333333
2017-08-16,6.08095238095238
2017-08-17,5.32820512820513
2017-08-18,7.86024096385542
2017-08-19,5.55
2017-08-20,5.62857142857143
2017-08-21,5.15625
2017-08-22,5.59354838709677
2017-08-23,6.16086956521739
2017-08-24,5.65333333333333
2017-08-25,5.90322580645161
2017-08-26,6.8
2017-08-27,6.8
2017-08-28,5.45978260869565
2017-08-29,4.97972972972973
2017-08-30,5.44489795918368
2017-08-31,5.71
2017-09-01,6.22
2017-09-02,5.975
2017-09-03,6.61111111111111
2017-09-04,5.96666666666667
2017-09-05,5.69615384615385
2017-09-06,5.28076923076923
2017-09-07,5.67012987012987
2017-09-08,7.13283582089553
2017-09-09,5.22
2017-09-10,5.7
2017-09-11,5.21797752808989
2017-09-12,5.70740740740741
2017-09-13,5.52272727272727
2017-09-14,7.06615384615385
2017-09-15,6.48461538461538
2017-09-17,5.81481481481482
2017-09-18,4.63653846153846
2017-09-19,5.69777777777778
2017-09-20,5.53333333333334
2017-09-21,6.09529411764706
2017-09-22,5.72105263157895
2017-09-23,5.06363636363636
2017-09-25,5.46805555555556
2017-09-26,5.51851851851852
2017-09-27,6.23
2017-09-28,6.03333333333334
2017-09-29,5.57708333333333
2017-09-30,7.9
2017-10-01,4.48
2017-10-02,5.44285714285714
2017-10-03,6.51555555555556
2017-10-04,5.45090909090909
2017-10-05,5.26744186046512
2017-10-06,5.20571428571429
2017-10-09,4.82142857142857
2017-10-10,4.72527472527473
2017-10-11,6.18823529411765
2017-10-12,5.67391304347826
2017-10-13,6.11170212765958
2017-10-14,5.7
2017-10-15,5.24444444444444
2017-10-16,6.00512820512821
2017-10-17,5.47547169811321
2017-10-18,5.51951219512195
2017-10-19,5.02478260869564
2017-10-20,5.50625
2017-10-22,6.33291925465838
2017-10-23,5.43695652173913
2017-10-24,5.25625
2017-10-25,4.43333333333333
2017-10-26,5.41034482758621
2017-10-27,5.55327102803739
2017-10-28,4.3
2017-10-29,6.81
2017-10-30,6.06774193548387
2017-10-31,6.53333333333334
2017-11-01,4.75769230769231
2017-11-02,6.09565217391304
2017-11-03,5.74042553191489
2017-11-04,4.53333333333333
2017-11-05,6.9
2017-11-06,5.30689655172414
2017-11-07,6.9936170212766
2017-11-08,5.8
2017-11-09,5.05714285714286
2017-11-10,5.59285714285714
2017-11-12,5.93676470588236
2017-11-13,6.05135135135135
2017-11-14,5.73733333333334
2017-11-15,5.7804347826087
2017-11-16,5.80822784810127
2017-11-17,5.63559322033899
2017-11-18,4.4
2017-11-19,5
2017-11-20,6.244
2017-11-21,6.97368421052632
2017-11-22,6.33888888888888
2017-11-23,6.02857142857143
2017-11-24,6.52857142857143
2017-11-25,5.46
2017-11-26,4.6
2017-11-27,5.18928571428571
2017-11-28,5.25263157894737
2017-11-29,6.8125
2017-11-30,5.16111111111111
2017-12-01,6.00952380952381
2017-12-02,4.76
2017-12-03,5.2375
2017-12-04,5.82727272727273
2017-12-05,6.4390625
2017-12-06,6.49827586206897
2017-12-07,5.11481481481482
2017-12-08,6.00333333333334
2017-12-09,8.32758620689655
2017-12-10,5.675
2017-12-11,5.54047619047619
2017-12-12,6.38709677419355
2017-12-13,6.85555555555555
2017-12-14,6.67878787878788
2017-12-15,6.13243243243243
2017-12-16,5.725
2017-12-17,6.44
2017-12-18,6.46666666666667
2017-12-19,6.44
2017-12-20,5.86896551724137
2017-12-21,6.57058823529412
2017-12-22,5.8625
2017-12-25,6.83461538461539
2017-12-27,6.06
2017-12-28,5.51538461538461
2017-12-29,5.26666666666667
2017-12-30,4.84444444444444
2017-12-31,5.525
2018-01-01,5.37142857142857
2018-01-02,5.44761904761905
2018-01-03,5.46481481481482
2018-01-04,5.440625
2018-01-05,6.01481481481481
2018-01-06,6.25
2018-01-07,5.56
2018-01-08,5.36428571428572
2018-01-09,6.30806451612904
2018-01-10,4.61917808219179
2018-01-11,6.91454545454546
2018-01-12,5.88222222222222
2018-01-13,5.07222222222222
2018-01-14,5.98
2018-01-15,6.35
2018-01-16,5.00444444444445
2018-01-17,5.34088397790055
2018-01-18,5.26190476190476
2018-01-19,5.63243243243244
2018-01-21,6.23076923076923
2018-01-22,5.67659574468085
2018-01-23,5.56842105263158
2018-01-24,6.24852941176471
2018-01-25,5.24565217391304
2018-01-26,5.903125
2018-01-27,6
2018-01-29,6.09722222222222
2018-01-30,6.1304347826087
2018-01-31,6.36666666666667
2018-02-01,5.97096774193548
2018-02-02,5.37966101694916
2018-02-03,5.52
2018-02-04,4.90555555555556
2018-02-05,6.92857142857143
2018-02-06,6.1140625
2018-02-07,5.92037037037037
2018-02-08,6.64366197183099
2018-02-09,5.73150684931507
2018-02-11,5.11875
2018-02-12,5.7425
2018-02-13,6.01153846153846
2018-02-14,4.92112676056338
2018-02-15,6.66554054054053
2018-02-16,5.24615384615385
2018-02-17,7.07105263157895
2018-02-18,6
2018-02-19,6.23255813953489
2018-02-20,5.19705882352941
2018-02-21,4.97450980392157
2018-02-22,6.77142857142857
2018-02-23,5.75409836065574
2018-02-24,4.575
2018-02-25,5.825
2018-02-26,5.93181818181818
2018-02-27,5.36447368421053
2018-02-28,6.29259259259259
2018-03-01,6.22
2018-03-02,5.22790697674418
2018-03-03,4.85
2018-03-04,5.2
2018-03-05,5.2764705882353
2018-03-06,5.49310344827586
2018-03-07,5.78333333333333
2018-03-08,5.54745762711865
2018-03-09,5.51057692307693
2018-03-10,6.275
2018-03-11,4.94545454545454
2018-03-12,5.06382978723404
2018-03-13,5.32209302325582
2018-03-14,5.8336
2018-03-15,6.21538461538462
2018-03-16,5.04186046511628
2018-03-17,4.275
2018-03-18,5.8875
2018-03-19,5.24137931034483
2018-03-20,5.67377049180328
2018-03-21,5.37
2018-03-22,6.11194029850747
2018-03-23,5.25172413793103
2018-03-24,5.83513513513514
2018-03-25,4.68333333333333
2018-03-26,5.35
2018-03-27,5.34888888888889
2018-03-28,6.74545454545455
2018-03-29,5.90606060606061
2018-03-30,5.49722222222222
2018-03-31,6.18888888888889
2018-04-01,6.45333333333333
2018-04-02,6.33333333333333
2018-04-03,6.11988636363635
2018-04-04,6.60440251572326
2018-04-05,5.78245614035088
2018-04-06,6.07333333333333
2018-04-07,6.00833333333333
2018-04-08,3.9
2018-04-09,6.25
2018-04-10,5.32857142857143
2018-04-11,6.34285714285715
2018-04-12,5.33617021276596
2018-04-13,5.71578947368421
2018-04-16,5.49032258064516
2018-04-17,6.08333333333333
2018-04-18,7.23605769230769
2018-04-19,5.85084745762712
2018-04-20,5.26486486486487
2018-04-21,5.94444444444444
2018-04-22,5.49
2018-04-23,5.05555555555556
2018-04-24,6.05333333333334
2018-04-25,5.06739130434783
2018-04-26,5.5
2018-04-27,5.32903225806452
2018-04-28,5.525
2018-04-29,4.87333333333333
2018-04-30,5.35185185185185
2018-05-01,5.16451612903226
2018-05-02,5.85238095238096
2018-05-03,5.92941176470588
2018-05-04,6.48823529411765
2018-05-05,6.93333333333333
2018-05-06,4.83333333333333
2018-05-07,5.18333333333333
2018-05-08,5.04444444444444
2018-05-09,6.30588235294118
2018-05-10,5.290625
2018-05-11,4.828
2018-05-12,5.47142857142857
2018-05-13,6.77272727272727
2018-05-14,5.38958333333333
2018-05-15,5.13030303030303
2018-05-16,5.47727272727273
2018-05-17,5.72682926829268
2018-05-18,5.21612903225806
2018-05-19,7.20263157894737
2018-05-20,5.55
2018-05-21,4.89047619047619
2018-05-22,5.10545454545455
2018-05-23,5.91875
2018-05-24,5.50909090909091
2018-05-25,5.34782608695652
2018-05-26,5.86470588235294
2018-05-28,5.12727272727273
2018-05-29,7.01375
2018-05-30,5.0948717948718
2018-05-31,5.86413043478261
2018-06-01,6.8867549668874
2018-06-02,8.22
2018-06-04,6.82043795620437
2018-06-05,5.38253968253969
2018-06-06,5.31759259259259
2018-06-07,5.90526315789474
2018-06-08,5.89411764705883
2018-06-09,6.8
2018-06-10,5
2018-06-11,5.91461318051575
2018-06-12,5.11428571428571
2018-06-13,5.8135593220339
2018-06-14,5.3775
2018-06-15,5.37435897435897
2018-06-16,5.45
2018-06-17,6.17692307692308
2018-06-18,6.17407407407408
2018-06-19,5.20416666666667
2018-06-20,6.81714285714286
2018-06-21,6.04318181818182
2018-06-22,5.32173913043478
2018-06-23,6.10909090909091
2018-06-24,6.3
2018-06-25,5.37241379310345
2018-06-26,5.56713286713286
2018-06-27,5.86129032258065
2018-06-28,5.76190476190476
2018-06-29,5.77297297297297
2018-06-30,5.9
2018-07-01,6.125
2018-07-02,5.53846153846154
2018-07-03,5.11869918699187
2018-07-04,4.97528089887641
2018-07-05,5.42264150943396
2018-07-06,5.08823529411765
2018-07-07,5.1
2018-07-08,6.35555555555555
2018-07-09,5.40488372093024
2018-07-10,5.92
2018-07-11,6.18139534883721
2018-07-12,5.24102564102564
2018-07-13,6.00277777777778
2018-07-14,7.25
2018-07-15,6.45
2018-07-16,5.54090909090909
2018-07-17,5.99666666666667
2018-07-18,5.21477272727272
2018-07-19,5.6265306122449
2018-07-20,6.1160839160839
2018-07-21,5
2018-07-22,6.2
2018-07-23,5.66610169491526
2018-07-24,5.96938775510204
2018-07-25,5.00689655172414
2018-07-26,5.22972972972973
2018-07-27,5.41692307692308
2018-07-28,4.98888888888889
2018-07-29,5.36
2018-07-30,5.36428571428571
2018-07-31,6.4176
2018-08-01,5.19518072289157
2018-08-02,5.665
2018-08-03,5.85869565217391
2018-08-04,5.85
2018-08-05,5.77222222222222
2018-08-06,5.43333333333334
2018-08-07,5.35555555555556
2018-08-08,5.65
2018-08-09,5.45714285714286
2018-08-10,5.10357142857143
2018-08-12,5.5
2018-08-13,5.75135135135135
2018-08-14,5.18529411764706
2018-08-15,6.23363636363637
2018-08-16,5.2
2018-08-17,6.16756756756757
2018-08-19,5.30769230769231
2018-08-20,5.645
2018-08-21,5.09166666666667
2018-08-22,4.924
2018-08-23,6.79375
2018-08-24,6.81818181818182
2018-08-25,4.05
2018-08-26,6.01111111111111
2018-08-27,6.25555555555556
2018-08-28,5.43166666666667
2018-08-29,5.72045454545455
2018-08-30,5.87884615384616
2018-08-31,4.57894736842105
2018-09-01,5.89047619047619
2018-09-02,5.575
2018-09-03,5.2
2018-09-04,5.94
2018-09-05,5.9188679245283
2018-09-06,5.20588235294118
2018-09-07,5.71538461538462
2018-09-08,5.98571428571429
2018-09-09,5.31428571428572
2018-09-10,5.62708333333333
2018-09-11,5.13863636363637
2018-09-12,5.72698412698413
2018-09-13,4.91190476190476
2018-09-14,5.43793103448276
2018-09-15,7.13125
2018-09-16,5.78571428571429
2018-09-17,5.85333333333334
2018-09-18,5.59428571428572
2018-09-19,5.67368421052632
2018-09-20,6.21333333333333
2018-09-21,5.5546875
2018-09-22,6.15
2018-09-23,4.66875
2018-09-24,5.30333333333333
2018-09-25,5.51764705882354
2018-09-26,5.81587301587302
2018-09-27,6.1025641025641
2018-09-28,5.85897435897436
2018-09-29,4.5
2018-09-30,5.71
2018-10-01,6.06595744680851
2018-10-02,5.47307692307692
2018-10-03,5.355
2018-10-04,4.98333333333333
2018-10-05,6.2593984962406
2018-10-06,5.9
2018-10-07,4.71666666666667
2018-10-08,6.0125
2018-10-09,5.56779661016949
2018-10-10,5.62201834862385
2018-10-11,6.325
2018-10-12,6.59122807017543
2018-10-14,4.38571428571429
2018-10-15,5.32941176470588
2018-10-16,5.25327102803738
2018-10-17,5.57727272727273
2018-10-18,5.61935483870968
2018-10-19,4.48
2018-10-20,5.08
2018-10-21,5.4
2018-10-22,5.48666666666667
2018-10-23,5.92903225806452
2018-10-24,5.49375
2018-10-25,3.88
2018-10-26,6.046875
2018-10-29,5.93148148148149
2018-10-30,5.53333333333333
2018-10-31,5.61777777777778
2018-11-01,4.625
2018-11-02,5.36428571428571
2018-11-03,5.36666666666667
2018-11-04,4.83333333333333
2018-11-05,5.23846153846154
2018-11-06,6.06938775510204
2018-11-07,5.54761904761905
2018-11-08,5.36530612244898
2018-11-09,5.2125
2018-11-10,4.65
2018-11-11,4.82222222222222
2018-11-12,5.4525
2018-11-13,5.20918367346939
2018-11-14,5.57291666666667
2018-11-15,5.43658536585366
2018-11-16,5.90512820512821
2018-11-17,5.74
2018-11-18,3.75
2018-11-19,5.775
2018-11-20,5.29736842105263
2018-11-21,5.92727272727273
2018-11-22,5.475
2018-11-23,6.69230769230769
2018-11-24,4.3
2018-11-25,6.03076923076923
2018-11-26,5.58775510204082
2018-11-27,6.05894736842106
2018-11-28,5.74444444444444
2018-11-29,5.21818181818182
2018-11-30,5.525
2018-12-01,6.725
2018-12-02,4.3
2018-12-03,4.99038461538462
2018-12-04,4.84102564102565
2018-12-05,4.99772727272727
2018-12-06,5.19298245614035
2018-12-07,6.15573770491804
2018-12-08,7.8
2018-12-09,3.28333333333333
2018-12-10,4.88518518518518
2018-12-11,5.59565217391305
2018-12-12,5.24285714285714
2018-12-13,4.37592592592593
2018-12-14,5.33809523809524
2018-12-15,3.25
2018-12-17,4.6939024390244
2018-12-18,4.23333333333333
2018-12-19,4.93
2018-12-20,5.38181818181819
2018-12-21,4.615625
2018-12-22,4.0125
2018-12-23,4.7275
2018-12-24,4.6969696969697
2018-12-25,4.71515151515151
2018-12-26,3.98
2018-12-27,4.74
2018-12-28,4.33536585365854
2018-12-30,4.78275862068966
2018-12-31,5.23636363636364
2019-01-01,4.825
2019-01-02,5.13793103448276
2019-01-03,4.766
2019-01-04,5
2019-01-07,3.22
2019-01-08,5.39859154929578
2019-01-09,4.24808743169399
2019-01-10,4.85128205128205
2019-01-11,4.90363636363636
2019-01-12,2.42
2019-01-13,6.43333333333333
2019-01-14,4.16
2019-01-15,4.75892857142857
2019-01-16,4.59326923076922
2019-01-17,4.55
2019-01-18,6.21735537190082
2019-01-20,5.9
2019-01-21,3.46666666666667
2019-01-22,6.20384615384615
2019-01-23,6.48490566037736
2019-01-24,5.57619047619048
2019-01-25,4.7
2019-01-26,5.9
2019-01-28,4.86875
2019-01-29,5.95
2019-01-30,5.12857142857143
2019-01-31,5.36363636363636
2019-02-01,5.66190476190476
2019-02-02,6.8
2019-02-04,4.59
2019-02-05,6.07948717948718
2019-02-06,5.37428571428572
2019-02-07,5.435
2019-02-08,5.81
2019-02-09,4.925
2019-02-11,5.57142857142857
2019-02-12,6.57857142857143
2019-02-13,6.2
2019-02-15,5.2
2019-02-16,6.46666666666667
2019-02-17,5
2019-02-18,5.94
2019-02-19,5.3972972972973
2019-02-20,5.45
2019-02-21,5.4962962962963
2019-02-22,6.9125
2019-02-23,5.28
2019-02-24,7.5
2019-02-25,5.98571428571429
2019-02-26,5.8
2019-02-27,5.79411764705882
2019-02-28,6.13571428571429
2019-03-01,6.56666666666667
2019-03-04,5
2019-03-05,6.22244897959184
2019-03-06,4.93571428571429
2019-03-07,5.65217391304348
2019-03-08,6.44651162790697
2019-03-11,5.53448275862069
2019-03-12,4.3
2019-03-13,5.8375
2019-03-14,4.21379310344827
2019-03-15,6.05333333333333
2019-03-17,7.5
2019-03-21,5.54748201438849
2019-03-22,5.53076923076923
2019-03-23,5.51428571428571
2019-03-24,4.54285714285714
2019-03-25,6.43260869565218
2019-03-26,5.74324324324324
2019-03-27,5.97261904761905
2019-03-28,5.43111111111111
2019-03-29,5.7625
2019-03-30,6.76
2019-03-31,6.7
2019-04-01,5.904
2019-04-02,5.59210526315789
2019-04-03,6.12368421052631
2019-04-04,4.701
2019-04-05,5.96666666666667
2019-04-06,5.36666666666667
2019-04-07,4.85714285714286
2019-04-08,5.53008849557523
2019-04-09,5.8625
2019-04-10,5.86
2019-04-11,5.77
2019-04-12,4.85384615384615
2019-04-15,5.94666666666667
2019-04-16,6.45
2019-04-17,5.80581395348838
2019-04-18,5.53846153846154
2019-04-19,5.79655172413793
2019-04-20,5.6875
2019-04-22,5.77714285714286
2019-04-23,5.07647058823529
2019-04-24,5.76222222222222
2019-04-25,5.70972222222222
2019-04-26,5.93877551020408
2019-04-27,7.075
2019-04-28,5.6
2019-04-29,5.896
2019-04-30,5.59367088607595
2019-05-01,5.09333333333333
2019-05-02,6.81923076923077
2019-05-03,5.94745762711865
2019-05-05,6.25
2019-05-06,5.91702127659574
2019-05-07,5.99
2019-05-08,6.85625
2019-05-09,5.96756756756757
2019-05-10,5.98709677419355
2019-05-12,2.1
2019-05-13,6.27833333333334
2019-05-14,5.67659574468085
2019-05-15,5.89186046511628
2019-05-16,6.38247422680413
2019-05-17,5.20769230769231
2019-05-19,6.25
2019-05-20,4.988
2019-05-21,4.44545454545455
2019-05-22,6.6060606060606
2019-05-23,6.72792792792793
2019-05-24,7.1195945945946
2019-05-27,4.48181818181818
2019-05-28,5.11333333333333
2019-05-29,5.87608695652174
2019-05-30,5.28
2019-05-31,5.94545454545455
2019-06-01,5.8
2019-06-02,6.025
2019-06-03,6.19651162790698
2019-06-04,4.37692307692308
2019-06-05,7.80377358490566
2019-06-06,5.57111111111111
2019-06-07,6.3961038961039
2019-06-10,6.19130434782609
2019-06-11,5.99230769230769
2019-06-12,5.88971962616823
2019-06-13,4.37179487179487
2019-06-14,6.02093023255814
2019-06-15,6.1
2019-06-16,5.8
2019-06-17,5.83768115942029
2019-06-18,5.94864864864865
2019-06-19,6.38793103448276
2019-06-20,5.99333333333333
2019-06-21,5.18888888888889
2019-06-22,4.3
2019-06-23,5.83333333333333
2019-06-24,5.73928571428572
2019-06-25,5.23333333333333
2019-06-26,5.61794871794872
2019-06-27,5.1910891089109
2019-06-28,5.94
2019-06-29,5.28823529411765
2019-06-30,5.404
2019-07-01,5.75
2019-07-02,6.79411764705883
2019-07-03,5.68247422680412
2019-07-04,6.3469696969697
2019-07-05,5.67407407407408
2019-07-06,6.73333333333333
2019-07-07,6.78
2019-07-08,5.66666666666667
2019-07-09,5.67567567567568
2019-07-10,5.56470588235294
2019-07-11,5.41666666666667
2019-07-12,5.42727272727273
2019-07-13,5
2019-07-14,5.66428571428571
2019-07-15,6.14864864864865
2019-07-16,6.72051282051282
2019-07-17,5.21571428571429
2019-07-18,5.50612244897959
2019-07-19,5.97234042553192
2019-07-21,5.68461538461539
2019-07-22,5.86216216216216
2019-07-23,5.0495867768595
2019-07-24,5.245
2019-07-25,5.90675675675676
2019-07-26,5.55483870967742
2019-07-27,5.56190476190476
2019-07-28,5.24736842105263
2019-07-29,5.49444444444445
2019-07-30,4.66144578313253
2019-07-31,5.71475409836066
2019-08-01,4.97862068965517
2019-08-02,4.8344262295082
2019-08-03,4.3
2019-08-04,6.5
2019-08-05,4.46779661016949
2019-08-06,5.97424242424243
2019-08-07,5.92894736842105
2019-08-08,5.28214285714286
2019-08-09,5.76851851851852
2019-08-10,2.675
2019-08-11,4.86
2019-08-12,4.83111111111112
2019-08-13,5.42898550724638
2019-08-14,6.34797687861271
2019-08-15,5.99375
2019-08-16,6.66111111111111
2019-08-17,6.06
2019-08-18,4.916
2019-08-19,5.10833333333333
2019-08-20,5.87715736040608
2019-08-21,5.86185567010309
2019-08-22,5.52162162162162
2019-08-23,5.952
2019-08-25,7.5
2019-08-26,6.98275862068965
2019-08-27,5.85483870967742
2019-08-28,5.33595505617978
2019-08-29,6.08333333333334
2019-08-30,5.55636363636364
2019-09-02,5
2019-09-03,5.29032258064516
2019-09-04,5.6275
2019-09-05,5.92916666666667
2019-09-06,5.26851851851852
2019-09-07,6
2019-09-08,5.644
2019-09-09,5.23218390804598
2019-09-10,5.30909090909091
2019-09-11,5.95757575757576
2019-09-12,6
2019-09-13,6.04722222222223
2019-09-14,5.95454545454545
2019-09-15,5.425
2019-09-16,5.33103448275862
2019-09-17,5.40925925925926
2019-09-18,6.02894736842105
2019-09-19,6.425
2019-09-20,5.27272727272727
2019-09-21,5.06
2019-09-22,7.5
2019-09-23,5.42272727272727
2019-09-24,5.476
2019-09-25,5.25519999999999
2019-09-26,5.26944444444445
2019-09-27,4.89903536977491
2019-09-28,5.9
2019-09-29,5
2019-09-30,5.85806451612903
2019-10-01,4.83191489361702
2019-10-02,6.12876712328767
2019-10-03,6.32
2019-10-04,6.003125
2019-10-05,5.21666666666667
2019-10-06,5.64
2019-10-07,6.26119402985075
2019-10-08,4.94426229508197
2019-10-09,3.90579710144928
2019-10-10,4.92574257425743
2019-10-11,2.21428571428571
2019-10-12,0
2019-10-13,0
2019-10-14,0
2019-10-15,0.93
